Actual Savings, amount, suggested Savings, amount, difference
Tithe,-98.30999755859375,Tithe,786.7816064453125,688.4716088867187,0.11
